{
  "Header": [
    {
      "status": "Success",
      "request_time": "2024-04-27T22:01:27-04:00",
      "url": "https://aqs.epa.gov/data/api/sampleData/bySite?email=test@aqs.api&key=test&param=44201&bdate=20170618&edate=20170618&state=37&county=183&site=0014",
      "rows": 24
    }
  ],
  "Data": [
    {
      "state_code": "37",
      "county_code": "183",
      "site_number": "0014",
      "parameter_code": "44201",
      "poc": 1,
      "latitude": 35.856111,
      "longitude": -78.574167,
      "datum": "WGS84",
      "parameter": "Ozone",
      "date_local": "2017-06-18",
      "time_local": "03:00",
      "date_gmt": "2017-06-18",
      "time_gmt": "08:00",
      "sample_measurement": null,
      "units_of_measure": "Parts per million",
      "units_of_measure_code": "007",
      "sample_duration": "1 HOUR",
      "sample_duration_code": "1",
      "sample_frequency": "HOURLY",
      "detection_limit": 0.005,
      "uncertainty": null,
      "qualifier": "BF - Precision/Zero/Span.",
      "method_type": "FEM",
      "method": "INSTRUMENTAL - ULTRA VIOLET",
      "method_code": "047",
      "state": "North Carolina",
      "county": "Wake",
      "date_of_last_change": "2018-05-07",
      "cbsa_code": "39580"
    },
    {
      "state_code": "37",
      "county_code": "183",
      "site_number": "0014",
      "parameter_code": "44201",
      "poc": 1,
      "latitude": 35.856111,
      "longitude": -78.574167,
      "datum": "WGS84",
      "parameter": "Ozone",
      "date_local": "2017-06-18",
      "time_local": "00:00",
      "date_gmt": "2017-06-18",
      "time_gmt": "05:00",
      "sample_measurement": 0.013,
      "units_of_measure": "Parts per million",
      "units_of_measure_code": "007",
      "sample_duration": "1 HOUR",
      "sample_duration_code": "1",
      "sample_frequency": "HOURLY",
      "detection_limit": 0.005,
      "uncertainty": null,
      "qualifier": "V - Validated Value.",
      "method_type": "FEM",
      "method": "INSTRUMENTAL - ULTRA VIOLET",
      "method_code": "047",
      "state": "North Carolina",
      "county": "Wake",
      "date_of_last_change": "2019-06-11",
      "cbsa_code": "39580"
    },
    {
      "state_code": "37",
      "county_code": "183",
      "site_number": "0014",
      "parameter_code": "44201",
      "poc": 1,
      "latitude": 35.856111,
      "longitude": -78.574167,
      "datum": "WGS84",
      "parameter": "Ozone",
      "date_local": "2017-06-18",
      "time_local": "01:00",
      "date_gmt": "2017-06-18",
      "time_gmt": "06:00",
      "sample_measurement": 0.015,
      "units_of_measure": "Parts per million",
      "units_of_measure_code": "007",
      "sample_duration": "1 HOUR",
      "sample_duration_code": "1",
      "sample_frequency": "HOURLY",
      "detection_limit": 0.005,
      "uncertainty": null,
      "qualifier": "V - Validated Value.",
      "method_type": "FEM",
      "method": "INSTRUMENTAL - ULTRA VIOLET",
      "method_code": "047",
      "state": "North Carolina",
      "county": "Wake",
      "date_of_last_change": "2019-06-11",
      "cbsa_code": "39580"
    },
    {
      "state_code": "37",
      "county_code": "183",
      "site_number": "0014",
      "parameter_code": "44201",
      "poc": 1,
      "latitude": 35.856111,
      "longitude": -78.574167,
      "datum": "WGS84",
      "parameter": "Ozone",
      "date_local": "2017-06-18",
      "time_local": "02:00",
      "date_gmt": "2017-06-18",
      "time_gmt": "07:00",
      "sample_measurement": 0.019,
      "units_of_measure": "Parts per million",
      "units_of_measure_code": "007",
      "sample_duration": "1 HOUR",
      "sample_duration_code": "1",
      "sample_frequency": "HOURLY",
      "detection_limit": 0.005,
      "uncertainty": null,
      "qualifier": "V - Validated Value.",
      "method_type": "FEM",
      "method": "INSTRUMENTAL - ULTRA VIOLET",
      "method_code": "047",
      "state": "North Carolina",
      "county": "Wake",
      "date_of_last_change": "2019-06-11",
      "cbsa_code": "39580"
    },
    {
      "state_code": "37",
      "county_code": "183",
      "site_number": "0014",
      "parameter_code": "44201",
      "poc": 1,
      "latitude": 35.856111,
      "longitude": -78.574167,
      "datum": "WGS84",
      "parameter": "Ozone",
      "date_local": "2017-06-18",
      "time_local": "04:00",
      "date_gmt": "2017-06-18",
      "time_gmt": "09:00",
      "sample_measurement": 0.021,
      "units_of_measure": "Parts per million",
      "units_of_measure_code": "007",
      "sample_duration": "1 HOUR",
      "sample_duration_code": "1",
      "sample_frequency": "HOURLY",
      "detection_limit": 0.005,
      "uncertainty": null,
      "qualifier": "V - Validated Value.",
      "method_type": "FEM",
      "method": "INSTRUMENTAL - ULTRA VIOLET",
      "method_code": "047",
      "state": "North Carolina",
      "county": "Wake",
      "date_of_last_change": "2019-06-11",
      "cbsa_code": "39580"
    },
    {
      "state_code": "37",
      "county_code": "183",
      "site_number": "0014",
      "parameter_code": "44201",
      "poc": 1,
      "latitude": 35.856111,
      "longitude": -78.574167,
      "datum": "WGS84",
      "parameter": "Ozone",
      "date_local": "2017-06-18",
      "time_local": "05:00",
      "date_gmt": "2017-06-18",
      "time_gmt": "10:00",
      "sample_measurement": 0.02,
      "units_of_measure": "Parts per million",
      "units_of_measure_code": "007",
      "sample_duration": "1 HOUR",
      "sample_duration_code": "1",
      "sample_frequency": "HOURLY",
      "detection_limit": 0.005,
      "uncertainty": null,
      "qualifier": "V - Validated Value.",
      "method_type": "FEM",
      "method": "INSTRUMENTAL - ULTRA VIOLET",
      "method_code": "047",
      "state": "North Carolina",
      "county": "Wake",
      "date_of_last_change": "2019-06-11",
      "cbsa_code": "39580"
    },
    {
      "state_code": "37",
      "county_code": "183",
      "site_number": "0014",
      "parameter_code": "44201",
      "poc": 1,
      "latitude": 35.856111,
      "longitude": -78.574167,
      "datum": "WGS84",
      "parameter": "Ozone",
      "date_local": "2017-06-18",
      "time_local": "06:00",
      "date_gmt": "2017-06-18",
      "time_gmt": "11:00",
      "sample_measurement": 0.02,
      "units_of_measure": "Parts per million",
      "units_of_measure_code": "007",
      "sample_duration": "1 HOUR",
      "sample_duration_code": "1",
      "sample_frequency": "HOURLY",
      "detection_limit": 0.005,
      "uncertainty": null,
      "qualifier": "V - Validated Value.",
      "method_type": "FEM",
      "method": "INSTRUMENTAL - ULTRA VIOLET",
      "method_code": "047",
      "state": "North Carolina",
      "county": "Wake",
      "date_of_last_change": "2019-06-11",
      "cbsa_code": "39580"
    },
    {
      "state_code": "37",
      "county_code": "183",
      "site_number": "0014",
      "parameter_code": "44201",
      "poc": 1,
      "latitude": 35.856111,
      "longitude": -78.574167,
      "datum": "WGS84",
      "parameter": "Ozone",
      "date_local": "2017-06-18",
      "time_local": "08:00",
      "date_gmt": "2017-06-18",
      "time_gmt": "13:00",
      "sample_measurement": 0.024,
      "units_of_measure": "Parts per million",
      "units_of_measure_code": "007",
      "sample_duration": "1 HOUR",
      "sample_duration_code": "1",
      "sample_frequency": "HOURLY",
      "detection_limit": 0.005,
      "uncertainty": null,
      "qualifier": "V - Validated Value.",
      "method_type": "FEM",
      "method": "INSTRUMENTAL - ULTRA VIOLET",
      "method_code": "047",
      "state": "North Carolina",
      "county": "Wake",
      "date_of_last_change": "2019-06-11",
      "cbsa_code": "39580"
    },
    {
      "state_code": "37",
      "county_code": "183",
      "site_number": "0014",
      "parameter_code": "44201",
      "poc": 1,
      "latitude": 35.856111,
      "longitude": -78.574167,
      "datum": "WGS84",
      "parameter": "Ozone",
      "date_local": "2017-06-18",
      "time_local": "09:00",
      "date_gmt": "2017-06-18",
      "time_gmt": "14:00",
      "sample_measurement": 0.027,
      "units_of_measure": "Parts per million",
      "units_of_measure_code": "007",
      "sample_duration": "1 HOUR",
      "sample_duration_code": "1",
      "sample_frequency": "HOURLY",
      "detection_limit": 0.005,
      "uncertainty": null,
      "qualifier": "V - Validated Value.",
      "method_type": "FEM",
      "method": "INSTRUMENTAL - ULTRA VIOLET",
      "method_code": "047",
      "state": "North Carolina",
      "county": "Wake",
      "date_of_last_change": "2019-06-11",
      "cbsa_code": "39580"
    },
    {
      "state_code": "37",
      "county_code": "183",
      "site_number": "0014",
      "parameter_code": "44201",
      "poc": 1,
      "latitude": 35.856111,
      "longitude": -78.574167,
      "datum": "WGS84",
      "parameter": "Ozone",
      "date_local": "2017-06-18",
      "time_local": "10:00",
      "date_gmt": "2017-06-18",
      "time_gmt": "15:00",
      "sample_measurement": 0.03,
      "units_of_measure": "Parts per million",
      "units_of_measure_code": "007",
      "sample_duration": "1 HOUR",
      "sample_duration_code": "1",
      "sample_frequency": "HOURLY",
      "detection_limit": 0.005,
      "uncertainty": null,
      "qualifier": "V - Validated Value.",
      "method_type": "FEM",
      "method": "INSTRUMENTAL - ULTRA VIOLET",
      "method_code": "047",
      "state": "North Carolina",
      "county": "Wake",
      "date_of_last_change": "2019-06-11",
      "cbsa_code": "39580"
    },
    {
      "state_code": "37",
      "county_code": "183",
      "site_number": "0014",
      "parameter_code": "44201",
      "poc": 1,
      "latitude": 35.856111,
      "longitude": -78.574167,
      "datum": "WGS84",
      "parameter": "Ozone",
      "date_local": "2017-06-18",
      "time_local": "11:00",
      "date_gmt": "2017-06-18",
      "time_gmt": "16:00",
      "sample_measurement": 0.032,
      "units_of_measure": "Parts per million",
      "units_of_measure_code": "007",
      "sample_duration": "1 HOUR",
      "sample_duration_code": "1",
      "sample_frequency": "HOURLY",
      "detection_limit": 0.005,
      "uncertainty": null,
      "qualifier": "V - Validated Value.",
      "method_type": "FEM",
      "method": "INSTRUMENTAL - ULTRA VIOLET",
      "method_code": "047",
      "state": "North Carolina",
      "county": "Wake",
      "date_of_last_change": "2019-06-11",
      "cbsa_code": "39580"
    },
    {
      "state_code": "37",
      "county_code": "183",
      "site_number": "0014",
      "parameter_code": "44201",
      "poc": 1,
      "latitude": 35.856111,
      "longitude": -78.574167,
      "datum": "WGS84",
      "parameter": "Ozone",
      "date_local": "2017-06-18",
      "time_local": "12:00",
      "date_gmt": "2017-06-18",
      "time_gmt": "17:00",
      "sample_measurement": 0.034,
      "units_of_measure": "Parts per million",
      "units_of_measure_code": "007",
      "sample_duration": "1 HOUR",
      "sample_duration_code": "1",
      "sample_frequency": "HOURLY",
      "detection_limit": 0.005,
      "uncertainty": null,
      "qualifier": "V - Validated Value.",
      "method_type": "FEM",
      "method": "INSTRUMENTAL - ULTRA VIOLET",
      "method_code": "047",
      "state": "North Carolina",
      "county": "Wake",
      "date_of_last_change": "2019-06-11",
      "cbsa_code": "39580"
    },
    {
      "state_code": "37",
      "county_code": "183",
      "site_number": "0014",
      "parameter_code": "44201",
      "poc": 1,
      "latitude": 35.856111,
      "longitude": -78.574167,
      "datum": "WGS84",
      "parameter": "Ozone",
      "date_local": "2017-06-18",
      "time_local": "13:00",
      "date_gmt": "2017-06-18",
      "time_gmt": "18:00",
      "sample_measurement": 0.036,
      "units_of_measure": "Parts per million",
      "units_of_measure_code": "007",
      "sample_duration": "1 HOUR",
      "sample_duration_code": "1",
      "sample_frequency": "HOURLY",
      "detection_limit": 0.005,
      "uncertainty": null,
      "qualifier": "V - Validated Value.",
      "method_type": "FEM",
      "method": "INSTRUMENTAL - ULTRA VIOLET",
      "method_code": "047",
      "state": "North Carolina",
      "county": "Wake",
      "date_of_last_change": "2019-06-11",
      "cbsa_code": "39580"
    },
    {
      "state_code": "37",
      "county_code": "183",
      "site_number": "0014",
      "parameter_code": "44201",
      "poc": 1,
      "latitude": 35.856111,
      "longitude": -78.574167,
      "datum": "WGS84",
      "parameter": "Ozone",
      "date_local": "2017-06-18",
      "time_local": "14:00",
      "date_gmt": "2017-06-18",
      "time_gmt": "19:00",
      "sample_measurement": 0.037,
      "units_of_measure": "Parts per million",
      "units_of_measure_code": "007",
      "sample_duration": "1 HOUR",
      "sample_duration_code": "1",
      "sample_frequency": "HOURLY",
      "detection_limit": 0.005,
      "uncertainty": null,
      "qualifier": "V - Validated Value.",
      "method_type": "FEM",
      "method": "INSTRUMENTAL - ULTRA VIOLET",
      "method_code": "047",
      "state": "North Carolina",
      "county": "Wake",
      "date_of_last_change": "2019-06-11",
      "cbsa_code": "39580"
    },
    {
      "state_code": "37",
      "county_code": "183",
      "site_number": "0014",
      "parameter_code": "44201",
      "poc": 1,
      "latitude": 35.856111,
      "longitude": -78.574167,
      "datum": "WGS84",
      "parameter": "Ozone",
      "date_local": "2017-06-18",
      "time_local": "16:00",
      "date_gmt": "2017-06-18",
      "time_gmt": "21:00",
      "sample_measurement": 0.037,
      "units_of_measure": "Parts per million",
      "units_of_measure_code": "007",
      "sample_duration": "1 HOUR",
      "sample_duration_code": "1",
      "sample_frequency": "HOURLY",
      "detection_limit": 0.005,
      "uncertainty": null,
      "qualifier": "V - Validated Value.",
      "method_type": "FEM",
      "method": "INSTRUMENTAL - ULTRA VIOLET",
      "method_code": "047",
      "state": "North Carolina",
      "county": "Wake",
      "date_of_last_change": "2019-06-11",
      "cbsa_code": "39580"
    },
    {
      "state_code": "37",
      "county_code": "183",
      "site_number": "0014",
      "parameter_code": "44201",
      "poc": 1,
      "latitude": 35.856111,
      "longitude": -78.574167,
      "datum": "WGS84",
      "parameter": "Ozone",
      "date_local": "2017-06-18",
      "time_local": "17:00",
      "date_gmt": "2017-06-18",
      "time_gmt": "22:00",
      "sample_measurement": 0.036,
      "units_of_measure": "Parts per million",
      "units_of_measure_code": "007",
      "sample_duration": "1 HOUR",
      "sample_duration_code": "1",
      "sample_frequency": "HOURLY",
      "detection_limit": 0.005,
      "uncertainty": null,
      "qualifier": "V - Validated Value.",
      "method_type": "FEM",
      "method": "INSTRUMENTAL - ULTRA VIOLET",
      "method_code": "047",
      "state": "North Carolina",
      "county": "Wake",
      "date_of_last_change": "2019-06-11",
      "cbsa_code": "39580"
    },
    {
      "state_code": "37",
      "county_code": "183",
      "site_number": "0014",
      "parameter_code": "44201",
      "poc": 1,
      "latitude": 35.856111,
      "longitude": -78.574167,
      "datum": "WGS84",
      "parameter": "Ozone",
      "date_local": "2017-06-18",
      "time_local": "18:00",
      "date_gmt": "2017-06-18",
      "time_gmt": "23:00",
      "sample_measurement": 0.031,
      "units_of_measure": "Parts per million",
      "units_of_measure_code": "007",
      "sample_duration": "1 HOUR",
      "sample_duration_code": "1",
      "sample_frequency": "HOURLY",
      "detection_limit": 0.005,
      "uncertainty": null,
      "qualifier": "V - Validated Value.",
      "method_type": "FEM",
      "method": "INSTRUMENTAL - ULTRA VIOLET",
      "method_code": "047",
      "state": "North Carolina",
      "county": "Wake",
      "date_of_last_change": "2019-06-11",
      "cbsa_code": "39580"
    },
    {
      "state_code": "37",
      "county_code": "183",
      "site_number": "0014",
      "parameter_code": "44201",
      "poc": 1,
      "latitude": 35.856111,
      "longitude": -78.574167,
      "datum": "WGS84",
      "parameter": "Ozone",
      "date_local": "2017-06-18",
      "time_local": "19:00",
      "date_gmt": "2017-06-19",
      "time_gmt": "00:00",
      "sample_measurement": 0.024,
      "units_of_measure": "Parts per million",
      "units_of_measure_code": "007",
      "sample_duration": "1 HOUR",
      "sample_duration_code": "1",
      "sample_frequency": "HOURLY",
      "detection_limit": 0.005,
      "uncertainty": null,
      "qualifier": "V - Validated Value.",
      "method_type": "FEM",
      "method": "INSTRUMENTAL - ULTRA VIOLET",
      "method_code": "047",
      "state": "North Carolina",
      "county": "Wake",
      "date_of_last_change": "2019-06-11",
      "cbsa_code": "39580"
    },
    {
      "state_code": "37",
      "county_code": "183",
      "site_number": "0014",
      "parameter_code": "44201",
      "poc": 1,
      "latitude": 35.856111,
      "longitude": -78.574167,
      "datum": "WGS84",
      "parameter": "Ozone",
      "date_local": "2017-06-18",
      "time_local": "20:00",
      "date_gmt": "2017-06-19",
      "time_gmt": "01:00",
      "sample_measurement": 0.023,
      "units_of_measure": "Parts per million",
      "units_of_measure_code": "007",
      "sample_duration": "1 HOUR",
      "sample_duration_code": "1",
      "sample_frequency": "HOURLY",
      "detection_limit": 0.005,
      "uncertainty": null,
      "qualifier": "V - Validated Value.",
      "method_type": "FEM",
      "method": "INSTRUMENTAL - ULTRA VIOLET",
      "method_code": "047",
      "state": "North Carolina",
      "county": "Wake",
      "date_of_last_change": "2019-06-11",
      "cbsa_code": "39580"
    },
    {
      "state_code": "37",
      "county_code": "183",
      "site_number": "0014",
      "parameter_code": "44201",
      "poc": 1,
      "latitude": 35.856111,
      "longitude": -78.574167,
      "datum": "WGS84",
      "parameter": "Ozone",
      "date_local": "2017-06-18",
      "time_local": "21:00",
      "date_gmt": "2017-06-19",
      "time_gmt": "02:00",
      "sample_measurement": 0.021,
      "units_of_measure": "Parts per million",
      "units_of_measure_code": "007",
      "sample_duration": "1 HOUR",
      "sample_duration_code": "1",
      "sample_frequency": "HOURLY",
      "detection_limit": 0.005,
      "uncertainty": null,
      "qualifier": "V - Validated Value.",
      "method_type": "FEM",
      "method": "INSTRUMENTAL - ULTRA VIOLET",
      "method_code": "047",
      "state": "North Carolina",
      "county": "Wake",
      "date_of_last_change": "2019-06-11",
      "cbsa_code": "39580"
    },
    {
      "state_code": "37",
      "county_code": "183",
      "site_number": "0014",
      "parameter_code": "44201",
      "poc": 1,
      "latitude": 35.856111,
      "longitude": -78.574167,
      "datum": "WGS84",
      "parameter": "Ozone",
      "date_local": "2017-06-18",
      "time_local": "22:00",
      "date_gmt": "2017-06-19",
      "time_gmt": "03:00",
      "sample_measurement": 0.017,
      "units_of_measure": "Parts per million",
      "units_of_measure_code": "007",
      "sample_duration": "1 HOUR",
      "sample_duration_code": "1",
      "sample_frequency": "HOURLY",
      "detection_limit": 0.005,
      "uncertainty": null,
      "qualifier": "V - Validated Value.",
      "method_type": "FEM",
      "method": "INSTRUMENTAL - ULTRA VIOLET",
      "method_code": "047",
      "state": "North Carolina",
      "county": "Wake",
      "date_of_last_change": "2019-06-11",
      "cbsa_code": "39580"
    },
    {
      "state_code": "37",
      "county_code": "183",
      "site_number": "0014",
      "parameter_code": "44201",
      "poc": 1,
      "latitude": 35.856111,
      "longitude": -78.574167,
      "datum": "WGS84",
      "parameter": "Ozone",
      "date_local": "2017-06-18",
      "time_local": "23:00",
      "date_gmt": "2017-06-19",
      "time_gmt": "04:00",
      "sample_measurement": 0.016,
      "units_of_measure": "Parts per million",
      "units_of_measure_code": "007",
      "sample_duration": "1 HOUR",
      "sample_duration_code": "1",
      "sample_frequency": "HOURLY",
      "detection_limit": 0.005,
      "uncertainty": null,
      "qualifier": "V - Validated Value.",
      "method_type": "FEM",
      "method": "INSTRUMENTAL - ULTRA VIOLET",
      "method_code": "047",
      "state": "North Carolina",
      "county": "Wake",
      "date_of_last_change": "2019-06-11",
      "cbsa_code": "39580"
    },
    {
      "state_code": "37",
      "county_code": "183",
      "site_number": "0014",
      "parameter_code": "44201",
      "poc": 1,
      "latitude": 35.856111,
      "longitude": -78.574167,
      "datum": "WGS84",
      "parameter": "Ozone",
      "date_local": "2017-06-18",
      "time_local": "07:00",
      "date_gmt": "2017-06-18",
      "time_gmt": "12:00",
      "sample_measurement": null,
      "units_of_measure": "Parts per million",
      "units_of_measure_code": "007",
      "sample_duration": "1 HOUR",
      "sample_duration_code": "1",
      "sample_frequency": "HOURLY",
      "detection_limit": 0.005,
      "uncertainty": null,
      "qualifier": "AE - Shelter Temperature Outside Limits.",
      "method_type": "FEM",
      "method": "INSTRUMENTAL - ULTRA VIOLET",
      "method_code": "047",
      "state": "North Carolina",
      "county": "Wake",
      "date_of_last_change": "2018-05-07",
      "cbsa_code": "39580"
    },
    {
      "state_code": "37",
      "county_code": "183",
      "site_number": "0014",
      "parameter_code": "44201",
      "poc": 1,
      "latitude": 35.856111,
      "longitude": -78.574167,
      "datum": "WGS84",
      "parameter": "Ozone",
      "date_local": "2017-06-18",
      "time_local": "15:00",
      "date_gmt": "2017-06-18",
      "time_gmt": "20:00",
      "sample_measurement": null,
      "units_of_measure": "Parts per million",
      "units_of_measure_code": "007",
      "sample_duration": "1 HOUR",
      "sample_duration_code": "1",
      "sample_frequency": "HOURLY",
      "detection_limit": 0.005,
      "uncertainty": null,
      "qualifier": "AE - Shelter Temperature Outside Limits.",
      "method_type": "FEM",
      "method": "INSTRUMENTAL - ULTRA VIOLET",
      "method_code": "047",
      "state": "North Carolina",
      "county": "Wake",
      "date_of_last_change": "2018-05-07",
      "cbsa_code": "39580"
    }
  ]
}